{"cameraMode":{"drawMode":0,"name":"Shaded","section":"Shading Mode"},"sceneLighting":true,"audioPlay":false,"sceneViewState":{"showFog":true,"showMaterialUpdate":false,"showSkybox":true,"showFlares":true,"showImageEffects":true,"showParticleSystems":true},"in2DMode":false,"pivot":{"x":-1.2366083860397339,"y":9.54926586151123,"z":-10.49306583404541},"rotation":{"x":-0.3563719689846039,"y":-0.044262245297431949,"z":0.016905026510357858,"w":-0.9331421256065369},"size":2.8578836917877199,"orthographic":false}